Name,gameDate,Round,d1,d2,cc,p1,p2,p3,p4,p5,p6,p7,peggedPoints,handPoints,cribPoints,EORScore
Caitlin,Wed Feb 18 2026 12:33:49 GMT-0700 (Mountain Standard Time),1,5H,7S,JH,3D,KD,2C,AD,GO,GO,GO,2,7,4,13
Sarah,Wed Feb 18 2026 12:33:49 GMT-0700 (Mountain Standard Time),1,9D,QS,JH,3H,4H,2S,GO,7H,GO,GO,5,9,0,14
Caitlin,Wed Feb 18 2026 12:33:49 GMT-0700 (Mountain Standard Time),2,9D,8H,KH,10H,GO,3C,2S,3D,GO,GO,3,8,,24
Sarah,Wed Feb 18 2026 12:33:49 GMT-0700 (Mountain Standard Time),2,6H,6D,KH,JD,QH,GO,QS,5H,GO,GO,1,16,6,37
Caitlin,Wed Feb 18 2026 12:33:49 GMT-0700 (Mountain Standard Time),3,8C,8D,AS,6D,10H,GO,9D,6H,GO,GO,0,6,6,36
Sarah,Wed Feb 18 2026 12:33:49 GMT-0700 (Mountain Standard Time),3,7H,4D,AS,4S,10D,GO,QS,5H,GO,GO,1,12,,50
Caitlin,Wed Feb 18 2026 12:33:49 GMT-0700 (Mountain Standard Time),4,7S,6D,4H,KH,KS,GO,4S,AD,GO,GO,3,14,,53
Sarah,Wed Feb 18 2026 12:33:49 GMT-0700 (Mountain Standard Time),4,6S,2C,4H,QS,AS,GO,8D,8C,GO,GO,3,4,6,63
Caitlin,Wed Feb 18 2026 12:33:49 GMT-0700 (Mountain Standard Time),5,8C,7C,2S,4S,3D,JD,AH,GO,GO,GO,6,10,7,76
Sarah,Wed Feb 18 2026 12:33:49 GMT-0700 (Mountain Standard Time),5,6H,3H,2S,6D,5D,2D,GO,8D,GO,GO,5,8,,76
Caitlin,Wed Feb 18 2026 12:33:49 GMT-0700 (Mountain Standard Time),6,9S,7H,5H,KH,7S,GO,JD,5C,GO,GO,5,10,,91
Sarah,Wed Feb 18 2026 12:33:49 GMT-0700 (Mountain Standard Time),6,8D,9D,5H,5S,QC,GO,5D,3S,GO,GO,,14,14,104
Caitlin,Wed Feb 18 2026 12:33:49 GMT-0700 (Mountain Standard Time),7,QC,QS,4D,6H,KD,AH,GO,5S,GO,GO,3,4,2,100
Sarah,Wed Feb 18 2026 12:33:49 GMT-0700 (Mountain Standard Time),7,9C,3D,4D,3C,8H,GO,5D,10D,GO,GO,1,12,,117
Caitlin,Wed Feb 18 2026 12:33:49 GMT-0700 (Mountain Standard Time),8,AD,9H,AH,KD,QS,GO,GO,5D,GO,GO,4,6,,110
Sarah,Wed Feb 18 2026 12:33:49 GMT-0700 (Mountain Standard Time),8,JH,8S,AH,5H,5C,GO,6D,5S,GO,GO,,8,3,125
Caitlin,Wed Feb 18 2026 16:06:18 GMT-0700 (Mountain Standard Time),1,KD,7S,AD,3C,2C,2H,4D,GO,GO,GO,7,10,4,21
Sarah,Wed Feb 18 2026 16:06:18 GMT-0700 (Mountain Standard Time),1,AH,8C,AD,3D,2D,JH,GO,QH,GO,GO,4,7,0,11
Caitlin,Wed Feb 18 2026 16:06:18 GMT-0700 (Mountain Standard Time),2,7H,2H,KD,8H,5S,GO,QC,GO,QD,GO,4,8,,33
Sarah,Wed Feb 18 2026 16:06:18 GMT-0700 (Mountain Standard Time),2,4D,4S,KD,7D,8D,GO,8S,9S,GO,GO,3,12,4,30
Caitlin,Wed Feb 18 2026 16:06:18 GMT-0700 (Mountain Standard Time),3,4C,KS,4D,8S,7H,2H,GO,7C,GO,GO,3,6,6,48
Sarah,Wed Feb 18 2026 16:06:18 GMT-0700 (Mountain Standard Time),3,JC,4S,4D,9S,3S,AS,GO,9D,GO,GO,4,2,,36
Caitlin,Wed Feb 18 2026 16:06:18 GMT-0700 (Mountain Standard Time),4,6C,10H,AS,KC,3C,GO,7C,10C,GO,GO,5,4,,57
Sarah,Wed Feb 18 2026 16:06:18 GMT-0700 (Mountain Standard Time),4,9S,AC,AS,KH,3D,5D,GO,4D,GO,GO,2,7,4,49
Caitlin,Wed Feb 18 2026 16:06:18 GMT-0700 (Mountain Standard Time),5,2S,9C,AD,7D,6D,GO,5D,10D,GO,GO,4,10,8,79
Sarah,Wed Feb 18 2026 16:06:18 GMT-0700 (Mountain Standard Time),5,3H,4C,AD,8H,10H,GO,KD,GO,KH,GO,7,2,,58
Caitlin,Wed Feb 18 2026 16:06:18 GMT-0700 (Mountain Standard Time),6,KS,3D,6D,JS,9C,GO,6H,6S,GO,GO,3,12,,94
Sarah,Wed Feb 18 2026 16:06:18 GMT-0700 (Mountain Standard Time),6,7C,7D,6D,KC,2S,GO,AC,3H,GO,GO,,2,2,62
Caitlin,Wed Feb 18 2026 16:06:18 GMT-0700 (Mountain Standard Time),7,2C,6H,10C,4C,QS,KS,GO,4S,GO,GO,1,2,2,99
Sarah,Wed Feb 18 2026 16:06:18 GMT-0700 (Mountain Standard Time),7,10S,QH,10C,3H,3C,GO,9D,6C,GO,GO,1,6,,69
Caitlin,Wed Feb 18 2026 16:06:18 GMT-0700 (Mountain Standard Time),8,4H,QC,AC,10S,AD,GO,8S,GO,8D,GO,3,4,,106
Sarah,Wed Feb 18 2026 16:06:18 GMT-0700 (Mountain Standard Time),8,JS,3S,AC,KH,10D,GO,10H,KC,GO,GO,3,4,4,80
Caitlin,Wed Feb 18 2026 16:06:18 GMT-0700 (Mountain Standard Time),9,7S,8H,AD,4S,QD,GO,3D,JD,GO,GO,4,8,4,122
Sarah,Wed Feb 18 2026 16:06:18 GMT-0700 (Mountain Standard Time),9,KS,AH,AD,QH,5S,GO,JH,GO,10S,GO,2,9,,91
Sarah,Thu Feb 19 2026 13:41:18 GMT-0700 (Mountain Standard Time),1,4C,4D,7H,8H,JH,GO,10C,GO,9S,GO,2,7,6,15
Caitlin,Thu Feb 19 2026 13:41:18 GMT-0700 (Mountain Standard Time),1,2S,9H,7H,JS,GO,JC,KC,GO,4H,GO,1,2,0,3
Sarah,Thu Feb 19 2026 13:41:18 GMT-0700 (Mountain Standard Time),2,KC,4D,7H,5S,10D,GO,10C,JS,GO,GO,4,8,,27
Caitlin,Thu Feb 19 2026 13:41:18 GMT-0700 (Mountain Standard Time),2,QC,8D,7H,4H,QD,2H,GO,QH,GO,GO,2,2,2,9
Sarah,Thu Feb 19 2026 13:41:18 GMT-0700 (Mountain Standard Time),3,QH,9D,10C,2C,4S,5C,3H,GO,GO,GO,7,8,2,44
Caitlin,Thu Feb 19 2026 13:41:18 GMT-0700 (Mountain Standard Time),3,KC,QS,10C,4D,4H,6S,GO,5S,GO,GO,10,14,,33
Sarah,Thu Feb 19 2026 13:41:18 GMT-0700 (Mountain Standard Time),4,10S,KS,7C,6S,7S,2S,GO,QS,GO,GO,5,8,,57
Caitlin,Thu Feb 19 2026 13:41:18 GMT-0700 (Mountain Standard Time),4,5D,KD,7C,6D,7H,GO,GO,8S,9C,GO,1,16,8,58
Sarah,Thu Feb 19 2026 13:41:18 GMT-0700 (Mountain Standard Time),5,KD,KS,9D,8C,7D,AC,GO,2D,GO,GO,2,5,8,72
Caitlin,Thu Feb 19 2026 13:41:18 GMT-0700 (Mountain Standard Time),5,AH,5D,9D,8S,7S,GO,AD,8D,GO,GO,4,12,,74
Sarah,Thu Feb 19 2026 13:41:18 GMT-0700 (Mountain Standard Time),6,AD,4H,5C,JC,GO,JH,JS,GO,5S,GO,2,20,,94
Caitlin,Thu Feb 19 2026 13:41:18 GMT-0700 (Mountain Standard Time),6,6C,6S,5C,8C,JD,GO,QH,GO,10S,GO,3,9,12,98
Sarah,Thu Feb 19 2026 13:41:18 GMT-0700 (Mountain Standard Time),7,JS,2D,JC,7C,8D,GO,4H,4S,GO,GO,10,5,6,115
Caitlin,Thu Feb 19 2026 13:41:18 GMT-0700 (Mountain Standard Time),7,JH,7H,JC,6H,5D,GO,4D,6S,GO,GO,7,14,0,119
Sarah,Thu Feb 19 2026 13:41:18 GMT-0700 (Mountain Standard Time),8,9D,10D,6S,KC,AD,GO,QS,4C,GO,GO,,4,,119
Caitlin,Thu Feb 19 2026 13:41:18 GMT-0700 (Mountain Standard Time),8,7D,3H,6S,8C,JH,2S,GO,5C,GO,GO,4,4,2,119
Sarah,Thu Feb 19 2026 13:41:18 GMT-0700 (Mountain Standard Time),9,7D,QC,8H,7S,4C,4D,GO,2C,GO,GO,1,,,120
Caitlin,Thu Feb 19 2026 13:41:18 GMT-0700 (Mountain Standard Time),9,3D,6S,8H,10H,5D,GO,5S,3S,GO,GO,,,,119
Sarah,Thu Feb 19 2026 17:19:33 GMT-0700 (Mountain Standard Time),1,AC,8S,QC,JS,QH,GO,QD,KC,GO,GO,0,15,2,17
Caitlin,Thu Feb 19 2026 17:19:33 GMT-0700 (Mountain Standard Time),1,3D,8C,QC,5C,6D,GO,4D,3H,GO,GO,5,8,0,13
Sarah,Thu Feb 19 2026 17:19:33 GMT-0700 (Mountain Standard Time),2,7C,9C,7H,4H,3D,GO,5S,5H,GO,GO,11,12,,40
Caitlin,Thu Feb 19 2026 17:19:33 GMT-0700 (Mountain Standard Time),2,AH,9H,7H,4C,QC,6S,GO,5D,GO,GO,3,8,4,28
Sarah,Thu Feb 19 2026 17:19:33 GMT-0700 (Mountain Standard Time),3,QC,7S,2C,10D,4C,2H,GO,9H,GO,GO,4,4,5,53
Caitlin,Thu Feb 19 2026 17:19:33 GMT-0700 (Mountain Standard Time),3,3H,AH,2C,5D,JS,GO,9D,6S,GO,GO,3,4,,35
Sarah,Thu Feb 19 2026 17:19:33 GMT-0700 (Mountain Standard Time),4,QD,10D,6S,2D,7H,GO,7C,AS,GO,GO,1,6,,60
Caitlin,Thu Feb 19 2026 17:19:33 GMT-0700 (Mountain Standard Time),4,9D,6H,6S,4C,JS,8S,GO,3H,GO,GO,2,2,4,43
Sarah,Thu Feb 19 2026 17:19:33 GMT-0700 (Mountain Standard Time),5,8S,6H,3C,9S,10S,GO,5S,KC,GO,GO,4,4,6,74
Caitlin,Thu Feb 19 2026 17:19:33 GMT-0700 (Mountain Standard Time),5,AD,8H,3C,JS,GO,3H,5C,4C,GO,GO,3,10,,56
Sarah,Thu Feb 19 2026 17:19:33 GMT-0700 (Mountain Standard Time),6,8S,8H,AH,9D,JD,GO,5C,AD,GO,GO,3,8,,85
Caitlin,Thu Feb 19 2026 17:19:33 GMT-0700 (Mountain Standard Time),6,KC,KD,AH,3C,9C,GO,6H,10H,GO,GO,2,2,4,64
Sarah,Thu Feb 19 2026 17:19:33 GMT-0700 (Mountain Standard Time),7,7S,AC,6S,QS,JD,GO,5H,5S,GO,GO,3,6,2,96
Caitlin,Thu Feb 19 2026 17:19:33 GMT-0700 (Mountain Standard Time),7,QH,2H,6S,10C,AD,GO,9H,6D,GO,GO,3,6,,73
Sarah,Thu Feb 19 2026 17:19:33 GMT-0700 (Mountain Standard Time),8,AS,9C,AD,4C,3C,5C,GO,2H,GO,GO,4,7,2,109
Caitlin,Thu Feb 19 2026 17:19:33 GMT-0700 (Mountain Standard Time),8,JH,QS,AD,4S,9D,6S,GO,3D,GO,GO,,2,,75
Sarah,Thu Feb 19 2026 17:19:33 GMT-0700 (Mountain Standard Time),9,6S,10H,9H,GO,KC,2C,GO,KD,AC,GO,,2,,111
Caitlin,Thu Feb 19 2026 17:19:33 GMT-0700 (Mountain Standard Time),9,AH,2S,9H,6C,6D,7H,GO,5D,GO,GO,4,12,2,93
Sarah,Thu Feb 19 2026 17:19:33 GMT-0700 (Mountain Standard Time),10,6H,9D,KH,2H,5C,GO,10H,10S,GO,GO,3,8,2,122
Caitlin,Thu Feb 19 2026 17:19:33 GMT-0700 (Mountain Standard Time),10,3H,8S,KH,GO,5D,KS,GO,JH,GO,QH,2,16,,111
Colban,Fri Feb 20 2026 17:42:18 GMT-0700 (Mountain Standard Time),1,2S,4H,6S,8S,JS,GO,7C,QD,GO,GO,5,5,9,19
Caitlin,Fri Feb 20 2026 17:42:18 GMT-0700 (Mountain Standard Time),1,3D,6C,6S,JC,GO,4C,KS,JD,GO,GO,1,2,0,3
Colban,Fri Feb 20 2026 17:42:18 GMT-0700 (Mountain Standard Time),2,KC,2S,10C,8S,5D,GO,7C,6S,GO,GO,7,8,,34
Caitlin,Fri Feb 20 2026 17:42:18 GMT-0700 (Mountain Standard Time),2,7H,AC,10C,7D,6D,5C,GO,7S,GO,GO,9,8,,20
Colban,Fri Feb 20 2026 17:42:18 GMT-0700 (Mountain Standard Time),3,8H,9C,QH,4H,4S,AC,GO,QC,GO,GO,7,12,,53
Caitlin,Fri Feb 20 2026 17:42:18 GMT-0700 (Mountain Standard Time),3,3D,KH,QH,4D,QS,GO,GO,JC,10S,GO,6,6,,32
Colban,Fri Feb 20 2026 17:42:18 GMT-0700 (Mountain Standard Time),4,KC,6H,6S,AS,9H,5D,GO,5S,GO,GO,3,8,,64
Caitlin,Fri Feb 20 2026 17:42:18 GMT-0700 (Mountain Standard Time),4,10H,9C,6S,2H,3D,KH,GO,2D,GO,GO,4,6,6,48
Colban,Fri Feb 20 2026 17:42:18 GMT-0700 (Mountain Standard Time),5,3C,AD,2D,8H,7S,GO,GO,7D,6H,GO,4,14,2,84
Caitlin,Fri Feb 20 2026 17:42:18 GMT-0700 (Mountain Standard Time),5,QD,8C,2D,9S,4D,2S,GO,10S,GO,GO,1,6,,55
Colban,Fri Feb 20 2026 17:42:18 GMT-0700 (Mountain Standard Time),6,QC,QS,AC,7S,3H,GO,9C,3C,GO,GO,1,2,,87
Caitlin,Fri Feb 20 2026 17:42:18 GMT-0700 (Mountain Standard Time),6,2C,7D,AC,KC,QD,AH,GO,JD,GO,GO,1,8,2,66
Colban,Fri Feb 20 2026 17:42:18 GMT-0700 (Mountain Standard Time),7,6C,2H,3C,JD,10S,AD,GO,KH,GO,GO,1,,7,95
Caitlin,Fri Feb 20 2026 17:42:18 GMT-0700 (Mountain Standard Time),7,10H,4D,3C,5H,GO,GO,8D,8S,GO,JS,4,4,,74
Colban,Fri Feb 20 2026 17:42:18 GMT-0700 (Mountain Standard Time),8,JS,10H,6S,4S,3H,GO,GO,7C,7D,GO,7,2,0,104
Caitlin,Fri Feb 20 2026 17:42:18 GMT-0700 (Mountain Standard Time),8,QS,QC,6S,4D,4C,10C,AH,GO,GO,GO,7,6,8,95
Colban,Fri Feb 20 2026 17:42:18 GMT-0700 (Mountain Standard Time),9,2S,2C,KD,KC,9D,AS,GO,5D,GO,GO,3,8,4,119
Caitlin,Fri Feb 20 2026 17:42:18 GMT-0700 (Mountain Standard Time),9,7D,AD,KD,10H,GO,GO,10S,5S,JS,GO,3,10,,108
Colban,Fri Feb 20 2026 17:42:18 GMT-0700 (Mountain Standard Time),10,AS,2D,5S,JC,7C,GO,8D,5D,GO,GO,1,8,,120
Caitlin,Fri Feb 20 2026 17:42:18 GMT-0700 (Mountain Standard Time),10,KS,KH,5S,4C,6C,4H,GO,3H,GO,GO,2,14,6,124
Colban,Fri Feb 20 2026 18:17:55 GMT-0700 (Mountain Standard Time),1,6S,6H,9S,8D,5D,2D,5S,GO,GO,GO,2,6,6,14,
Caitlin,Fri Feb 20 2026 18:17:55 GMT-0700 (Mountain Standard Time),1,7D,QH,9S,3C,2C,AD,AH,GO,GO,GO,1,12,0,13,
Colban,Fri Feb 20 2026 18:17:55 GMT-0700 (Mountain Standard Time),2,8S,4S,JH,10C,AC,GO,QD,GO,JD,GO,2,8,,24,
Caitlin,Fri Feb 20 2026 18:17:55 GMT-0700 (Mountain Standard Time),2,4C,KH,JH,9H,7S,GO,9C,6S,GO,GO,2,6,2,23,
Colban,Fri Feb 20 2026 18:17:55 GMT-0700 (Mountain Standard Time),3,QC,QS,JD,6H,6C,9D,GO,GO,7H,GO,4,4,6,38,
Caitlin,Fri Feb 20 2026 18:17:55 GMT-0700 (Mountain Standard Time),3,4C,QD,JD,3S,2D,AH,AD,GO,GO,GO,3,8,,34,
Colban,Fri Feb 20 2026 18:17:55 GMT-0700 (Mountain Standard Time),4,7H,9D,2H,3H,2D,AD,AC,GO,GO,GO,3,14,,55,
Caitlin,Fri Feb 20 2026 18:17:55 GMT-0700 (Mountain Standard Time),4,10D,10C,2H,6C,7C,AH,2S,GO,GO,GO,,4,2,40,
Colban,Fri Feb 20 2026 18:17:55 GMT-0700 (Mountain Standard Time),5,2D,3S,8C,9S,9C,6H,GO,5D,GO,GO,0,6,6,67,
Caitlin,Fri Feb 20 2026 18:17:55 GMT-0700 (Mountain Standard Time),5,KH,KD,8C,3D,3C,AD,GO,2S,GO,GO,3,8,,51,
Colban,Fri Feb 20 2026 18:17:55 GMT-0700 (Mountain Standard Time),6,JC,KS,AS,8C,7D,AD,GO,6S,GO,GO,4,9,0,80,
Caitlin,Fri Feb 20 2026 18:17:55 GMT-0700 (Mountain Standard Time),6,AC,2S,AS,7C,8D,GO,GO,8S,KD,GO,3,6,2,62,
Colban,Fri Feb 20 2026 18:17:55 GMT-0700 (Mountain Standard Time),7,6S,7D,KS,4D,3C,AD,AS,GO,GO,GO,4,8,3,95,
Caitlin,Fri Feb 20 2026 18:17:55 GMT-0700 (Mountain Standard Time),7,6H,JS,KS,4C,2C,8C,7C,GO,GO,GO,6,6,,74,
Colban,Fri Feb 20 2026 18:17:55 GMT-0700 (Mountain Standard Time),8,3D,4S,6S,JC,AD,GO,QC,KH,GO,GO,0,3,,98,
Caitlin,Fri Feb 20 2026 18:17:55 GMT-0700 (Mountain Standard Time),8,KD,KC,6S,4D,8H,3C,GO,6C,GO,GO,1,4,2,81,
Colban,Fri Feb 20 2026 18:17:55 GMT-0700 (Mountain Standard Time),9,8S,3D,QS,QD,QH,GO,5D,AD,GO,GO,,12,4,114,
Caitlin,Fri Feb 20 2026 18:17:55 GMT-0700 (Mountain Standard Time),9,7S,QC,QS,9S,2D,GO,JC,4H,GO,GO,4,2,,87,
Colban,Fri Feb 20 2026 18:17:55 GMT-0700 (Mountain Standard Time),10,9D,9C,6D,3D,2S,KH,GO,AD,GO,GO,5,5,,122,
Caitlin,Fri Feb 20 2026 18:17:55 GMT-0700 (Mountain Standard Time),10,KC,QC,6D,4D,6H,6S,GO,2H,GO,GO,,6,6,93
Colban,Fri Feb 20 2026 18:54:44 GMT-0700 (Mountain Standard Time),1,AD,2H,5D,9C,5S,GO,GO,QC,JD,GO,0,10,,10,
Caitlin,Fri Feb 20 2026 18:54:44 GMT-0700 (Mountain Standard Time),1,JH,5H,5D,8D,8H,AH,GO,6S,GO,GO,2,6,6,14,
Colban,Fri Feb 20 2026 18:54:44 GMT-0700 (Mountain Standard Time),2,9H,9C,2D,10D,7D,4D,GO,5D,GO,GO,2,7,4,23,
Caitlin,Fri Feb 20 2026 18:54:44 GMT-0700 (Mountain Standard Time),2,QS,3S,2D,10C,GO,GO,6S,7C,8S,GO,9,5,,28,
Colban,Fri Feb 20 2026 18:54:44 GMT-0700 (Mountain Standard Time),3,7H,AH,4C,KS,JH,GO,JC,5C,GO,GO,1,8,,32,
Caitlin,Fri Feb 20 2026 18:54:44 GMT-0700 (Mountain Standard Time),3,8D,JS,4C,4H,3D,2D,GO,6S,GO,GO,1,12,4,45,
Colban,Fri Feb 20 2026 18:54:44 GMT-0700 (Mountain Standard Time),4,AH,3H,QS,10C,QD,GO,10D,GO,5S,GO,1,12,5,50,
Caitlin,Fri Feb 20 2026 18:54:44 GMT-0700 (Mountain Standard Time),4,2D,8H,QS,KH,GO,9H,QH,GO,6C,GO,1,4,,50,
Colban,Fri Feb 20 2026 18:54:44 GMT-0700 (Mountain Standard Time),5,6C,2D,QC,5D,JS,AH,GO,9C,GO,GO,4,4,,58,
Caitlin,Fri Feb 20 2026 18:54:44 GMT-0700 (Mountain Standard Time),5,2S,4S,QC,QS,5C,GO,GO,JC,KD,GO,3,16,2,71,
Colban,Fri Feb 20 2026 18:54:44 GMT-0700 (Mountain Standard Time),6,3S,2S,8D,10C,5C,GO,QD,6S,GO,GO,4,4,8,74,
Caitlin,Fri Feb 20 2026 18:54:44 GMT-0700 (Mountain Standard Time),6,2C,QH,8D,5S,9S,GO,6D,6H,GO,GO,9,6,,86,
Colban,Fri Feb 20 2026 18:54:44 GMT-0700 (Mountain Standard Time),7,KH,7H,10H,QC,4C,GO,AH,4D,GO,GO,6,10,0,90,
Caitlin,Fri Feb 20 2026 18:54:44 GMT-0700 (Mountain Standard Time),7,JH,JC,10H,7C,KD,GO,AC,9H,GO,GO,,,5,91,
Colban,Fri Feb 20 2026 18:54:44 GMT-0700 (Mountain Standard Time),8,8C,2C,JD,KC,KS,4C,AS,GO,GO,GO,2,8,2,102,
Caitlin,Fri Feb 20 2026 18:54:44 GMT-0700 (Mountain Standard Time),8,8S,AD,JD,5D,GO,GO,GO,QH,JS,9C,2,8,,101,
Colban,Fri Feb 20 2026 18:54:44 GMT-0700 (Mountain Standard Time),9,AC,QS,6S,KS,GO,GO,9C,KH,GO,9H,2,8,,112,
Caitlin,Fri Feb 20 2026 18:54:44 GMT-0700 (Mountain Standard Time),9,10C,8D,6S,4C,KC,3C,GO,QC,GO,GO,3,4,2,110,
Colban,Fri Feb 20 2026 18:54:44 GMT-0700 (Mountain Standard Time),10,AH,2S,8S,6D,5C,6S,GO,GO,JD,GO,9,4,2,121
Caitlin,Fri Feb 20 2026 18:54:44 GMT-0700 (Mountain Standard Time),10,6H,QS,8S,4H,3D,3H,AC,GO,GO,GO,5,4,,114
Colban,Fri Feb 20 2026 19:31:56 GMT-0700 (Mountain Standard Time),1,6C,7S,4S,JC,4H,GO,KS,JS,GO,GO,4,5,,9
Caitlin,Fri Feb 20 2026 19:31:56 GMT-0700 (Mountain Standard Time),1,7H,9C,4S,7D,6D,GO,5C,5D,GO,GO,,14,4,18
Colban,Fri Feb 20 2026 19:31:56 GMT-0700 (Mountain Standard Time),2,AS,4D,2D,10D,8C,GO,9C,8S,GO,GO,,8,8,25
Caitlin,Fri Feb 20 2026 19:31:56 GMT-0700 (Mountain Standard Time),2,3H,8D,2D,5C,6C,GO,6D,6S,GO,GO,6,6,,30
Colban,Fri Feb 20 2026 19:31:56 GMT-0700 (Mountain Standard Time),3,AC,6S,2D,QH,JS,GO,JC,GO,10D,GO,2,8,,35
Caitlin,Fri Feb 20 2026 19:31:56 GMT-0700 (Mountain Standard Time),3,AH,JH,2D,4C,3D,GO,7D,6D,GO,GO,1,11,2,44
Colban,Fri Feb 20 2026 19:31:56 GMT-0700 (Mountain Standard Time),4,9H,9S,4H,10H,2D,2S,AS,GO,GO,GO,8,6,6,55
Caitlin,Fri Feb 20 2026 19:31:56 GMT-0700 (Mountain Standard Time),4,6S,7C,4H,QD,2C,4S,GO,3C,GO,GO,3,10,,57
Colban,Fri Feb 20 2026 19:31:56 GMT-0700 (Mountain Standard Time),5,7H,6H,4H,JC,2C,AS,GO,KD,GO,GO,4,4,,63
Caitlin,Fri Feb 20 2026 19:31:56 GMT-0700 (Mountain Standard Time),5,6D,10D,4H,4C,JS,AD,GO,JD,GO,GO,2,12,2,73
Colban,Fri Feb 20 2026 19:31:56 GMT-0700 (Mountain Standard Time),6,KC,2D,AC,7S,9C,GO,10H,8H,GO,GO,3,6,2,74
Caitlin,Fri Feb 20 2026 19:31:56 GMT-0700 (Mountain Standard Time),6,AH,10D,AC,8D,6D,GO,5C,7H,GO,GO,10,8,,91
Colban,Fri Feb 20 2026 19:31:56 GMT-0700 (Mountain Standard Time),7,AH,2D,2C,10D,GO,10H,8D,GO,7C,GO,3,4,,81
Caitlin,Fri Feb 20 2026 19:31:56 GMT-0700 (Mountain Standard Time),7,4C,6S,2C,10C,JS,GO,KC,GO,8H,GO,1,,4,96
Colban,Fri Feb 20 2026 19:31:56 GMT-0700 (Mountain Standard Time),8,QC,JH,6S,8C,9C,GO,7C,AC,GO,GO,2,12,,95
Caitlin,Fri Feb 20 2026 19:31:56 GMT-0700 (Mountain Standard Time),8,8D,4C,6S,KS,GO,QS,9D,GO,5H,GO,1,6,,103
Colban,Fri Feb 20 2026 19:31:56 GMT-0700 (Mountain Standard Time),9,3C,3D,AH,KD,5H,GO,JC,GO,QC,GO,3,9,,107
Caitlin,Fri Feb 20 2026 19:31:56 GMT-0700 (Mountain Standard Time),9,6C,5D,AH,7D,9D,GO,8C,9H,GO,GO,1,8,2,114
Colban,Fri Feb 20 2026 19:31:56 GMT-0700 (Mountain Standard Time),10,10S,JD,9H,7S,6C,4D,GO,5D,GO,GO,4,8,10,119
Caitlin,Fri Feb 20 2026 19:31:56 GMT-0700 (Mountain Standard Time),10,JC,8C,9H,QC,4S,GO,AS,QD,GO,GO,1,6,,121
Colban,Fri Feb 20 2026 20:16:20 GMT-0700 (Mountain Standard Time),1,AD,AH,2D,9S,10D,GO,10C,8H,GO,GO,1,8,8,17
Caitlin,Fri Feb 20 2026 20:16:20 GMT-0700 (Mountain Standard Time),1,3C,7D,2D,6H,5D,GO,JH,GO,4D,GO,4,5,0,9
Colban,Fri Feb 20 2026 20:16:20 GMT-0700 (Mountain Standard Time),2,10S,QS,5S,3S,4D,8H,GO,4S,GO,GO,4,10,0,31
Caitlin,Fri Feb 20 2026 20:16:20 GMT-0700 (Mountain Standard Time),2,5H,JD,5S,3H,3D,9S,GO,6D,GO,GO,6,6,17,38
Colban,Fri Feb 20 2026 20:16:20 GMT-0700 (Mountain Standard Time),3,AD,7S,AH,9C,10D,GO,QD,JS,GO,GO,3,4,6,44
Caitlin,Fri Feb 20 2026 20:16:20 GMT-0700 (Mountain Standard Time),3,6C,9H,AH,KH,AC,GO,KD,GO,4H,GO,2,12,,52
Colban,Fri Feb 20 2026 20:16:20 GMT-0700 (Mountain Standard Time),4,AD,2H,4H,JC,GO,6H,7S,GO,QH,GO,1,,,45
Caitlin,Fri Feb 20 2026 20:16:20 GMT-0700 (Mountain Standard Time),4,QC,5C,4H,10S,JD,GO,9S,5H,GO,GO,5,7,4,68
Colban,Fri Feb 20 2026 20:16:20 GMT-0700 (Mountain Standard Time),5,10H,AS,AC,8D,9D,GO,QD,7D,GO,GO,3,9,6,63
Caitlin,Fri Feb 20 2026 20:16:20 GMT-0700 (Mountain Standard Time),5,QS,3H,AC,9C,5D,GO,10C,GO,6D,GO,3,4,,75
Colban,Fri Feb 20 2026 20:16:20 GMT-0700 (Mountain Standard Time),6,8D,3H,9H,10H,AH,GO,JD,JH,GO,GO,3,8,,74
Caitlin,Fri Feb 20 2026 20:16:20 GMT-0700 (Mountain Standard Time),6,9D,6S,9H,4H,KD,GO,4S,7D,GO,GO,,4,6,85
Colban,Fri Feb 20 2026 20:16:20 GMT-0700 (Mountain Standard Time),7,8C,3C,6S,10C,QC,GO,JH,GO,4H,GO,3,3,8,88
Caitlin,Fri Feb 20 2026 20:16:20 GMT-0700 (Mountain Standard Time),7,6C,4C,6S,KD,GO,JC,JD,GO,QD,GO,7,8,,100
Colban,Fri Feb 20 2026 20:16:20 GMT-0700 (Mountain Standard Time),8,4D,7S,5D,5C,GO,KD,QC,GO,JC,GO,7,17,,112
Caitlin,Fri Feb 20 2026 20:16:20 GMT-0700 (Mountain Standard Time),8,10D,AH,5D,10H,QH,GO,JD,GO,JH,GO,1,17,4,122
Colban,Fri Feb 20 2026 21:49:46 GMT-0700 (Mountain Standard Time),1,QS,3C,8H,8C,6S,7S,GO,6H,GO,GO,3,20,2,25
Caitlin,Fri Feb 20 2026 21:49:46 GMT-0700 (Mountain Standard Time),1,KS,3H,8H,7D,2D,AD,GO,5D,GO,GO,4,8,0,12
Colban,Fri Feb 20 2026 21:49:46 GMT-0700 (Mountain Standard Time),2,8H,AS,4H,4C,KD,GO,QC,JC,GO,GO,5,5,,35
Caitlin,Fri Feb 20 2026 21:49:46 GMT-0700 (Mountain Standard Time),2,10C,JH,4H,4S,9S,GO,6S,5S,GO,GO,,18,5,35
Colban,Fri Feb 20 2026 21:49:46 GMT-0700 (Mountain Standard Time),3,10H,9C,6H,8C,QS,AS,GO,5S,GO,GO,2,8,2,47
Caitlin,Fri Feb 20 2026 21:49:46 GMT-0700 (Mountain Standard Time),3,QH,4S,6H,7H,5H,GO,3D,7D,GO,GO,4,16,,55
Colban,Fri Feb 20 2026 21:49:46 GMT-0700 (Mountain Standard Time),4,9H,8D,6H,JD,JH,AD,GO,5S,GO,GO,4,6,,57
Caitlin,Fri Feb 20 2026 21:49:46 GMT-0700 (Mountain Standard Time),4,6S,3C,6H,2C,5C,AC,GO,9C,GO,GO,,8,6,69
Colban,Fri Feb 20 2026 21:49:46 GMT-0700 (Mountain Standard Time),5,AH,9C,5S,7H,10C,GO,8C,7D,GO,GO,1,8,8,74
Caitlin,Fri Feb 20 2026 21:49:46 GMT-0700 (Mountain Standard Time),5,QH,QS,5S,JD,AD,GO,QC,GO,KD,GO,2,10,,81
Colban,Fri Feb 20 2026 21:49:46 GMT-0700 (Mountain Standard Time),6,10H,KS,KC,9H,7H,GO,8H,GO,7C,GO,4,12,0,90
Caitlin,Fri Feb 20 2026 21:49:46 GMT-0700 (Mountain Standard Time),6,8S,2H,KC,5S,KD,GO,QD,JD,GO,GO,1,16,2,100
Colban,Fri Feb 20 2026 21:49:46 GMT-0700 (Mountain Standard Time),7,4D,7H,6D,4H,3S,2D,GO,5S,GO,GO,,9,4,103
Caitlin,Fri Feb 20 2026 21:49:46 GMT-0700 (Mountain Standard Time),7,9D,7C,6D,JH,QC,2S,GO,QH,GO,GO,6,2,,108
Colban,Fri Feb 20 2026 21:49:46 GMT-0700 (Mountain Standard Time),8,AC,9C,3S,5D,6D,4D,AH,GO,GO,GO,4,8,,115
Caitlin,Fri Feb 20 2026 21:49:46 GMT-0700 (Mountain Standard Time),8,2H,7H,3S,5H,KH,GO,GO,GO,KS,JS,1,8,5,122
Colban,Fri Feb 20 2026 22:27:30 GMT-0700 (Mountain Standard Time),1,6H,8D,2H,10D,5C,GO,GO,JH,KS,GO,1,6,4,11
Caitlin,Fri Feb 20 2026 22:27:30 GMT-0700 (Mountain Standard Time),1,3D,2C,2H,QS,3S,3C,GO,2S,GO,GO,4,12,0,16
Colban,Fri Feb 20 2026 22:27:30 GMT-0700 (Mountain Standard Time),2,10D,QH,3S,6S,9H,GO,8S,7S,GO,GO,4,8,,23
Caitlin,Fri Feb 20 2026 22:27:30 GMT-0700 (Mountain Standard Time),2,QC,KC,3S,4S,10S,2D,GO,9S,GO,GO,2,8,2,28
Colban,Fri Feb 20 2026 22:27:30 GMT-0700 (Mountain Standard Time),3,2H,KH,6S,10S,QH,GO,9H,GO,GO,8D,3,5,1,32
Caitlin,Fri Feb 20 2026 22:27:30 GMT-0700 (Mountain Standard Time),3,10C,JS,6S,10D,GO,6D,9D,GO,GO,JD,5,10,,43
Colban,Fri Feb 20 2026 22:27:30 GMT-0700 (Mountain Standard Time),4,2D,4S,6H,QC,8C,GO,10C,6S,GO,GO,3,2,,37
Caitlin,Fri Feb 20 2026 22:27:30 GMT-0700 (Mountain Standard Time),4,JH,JS,6H,3S,9H,GO,7D,8D,GO,GO,,8,3,54
Colban,Fri Feb 20 2026 22:27:30 GMT-0700 (Mountain Standard Time),5,4S,QC,5S,3H,3C,AC,3S,GO,GO,GO,3,8,4,52
Caitlin,Fri Feb 20 2026 22:27:30 GMT-0700 (Mountain Standard Time),5,JS,8H,5S,8D,AD,JD,GO,4D,GO,GO,3,8,,65
Colban,Fri Feb 20 2026 22:27:30 GMT-0700 (Mountain Standard Time),6,10H,AH,8C,3H,4D,6S,5D,GO,GO,GO,7,8,,67
Caitlin,Fri Feb 20 2026 22:27:30 GMT-0700 (Mountain Standard Time),6,QH,5H,8C,2H,AC,9H,GO,GO,9D,GO,3,2,8,78
Colban,Fri Feb 20 2026 22:27:30 GMT-0700 (Mountain Standard Time),7,AH,JS,3S,8D,7D,GO,GO,6S,5D,GO,1,8,3,79
Caitlin,Fri Feb 20 2026 22:27:30 GMT-0700 (Mountain Standard Time),7,5S,8H,3S,QD,3D,2D,GO,2C,GO,GO,1,12,,91
Colban,Fri Feb 20 2026 22:27:30 GMT-0700 (Mountain Standard Time),8,7H,KH,10S,4C,4S,AH,GO,6C,GO,GO,1,10,,90
Caitlin,Fri Feb 20 2026 22:27:30 GMT-0700 (Mountain Standard Time),8,3C,9C,10S,5C,KS,5H,GO,QS,GO,GO,,12,,103
Colban,Fri Feb 20 2026 22:27:30 GMT-0700 (Mountain Standard Time),9,10D,9S,8D,KH,8H,GO,7H,5H,GO,GO,2,12,5,109
Caitlin,Fri Feb 20 2026 22:27:30 GMT-0700 (Mountain Standard Time),9,QS,JH,8D,10C,GO,9H,8C,GO,7D,GO,4,12,,119
Colban,Fri Feb 20 2026 22:27:30 GMT-0700 (Mountain Standard Time),10,10D,JD,7C,8H,5H,4C,GO,3S,GO,GO,3,9,,109
Caitlin,Fri Feb 20 2026 22:27:30 GMT-0700 (Mountain Standard Time),10,QS,KH,7C,6D,8D,GO,GO,9S,5D,GO,3,8,4,121